,Any,Codi_Barri,Codi_Districte,Domicilis,Nom_Barri,Nom_Districte,Ocupacio_ mitjana_(persones_per_domicili),Ocupacio_mitjana_(persones_ per_domicili),Poblacio
71,2007,72,10,10626,Sant Martí de Provençals,Sant Martí,2.47,,26261
53,2007,54,8,684,Torre Baró,Nou Barris,3.08,,2105
52,2007,53,8,3206,la Trinitat Nova,Nou Barris,2.5,,8011
51,2007,52,8,10627,la Prosperitat,Nou Barris,2.51,,26696
50,2007,51,8,5007,Verdun,Nou Barris,2.46,,12301
49,2007,50,8,5919,les Roquetes,Nou Barris,2.66,,15756
48,2007,49,8,2804,Canyelles,Nou Barris,2.69,,7539
54,2007,55,8,3711,Ciutat Meridiana,Nou Barris,2.95,,10929
47,2007,48,8,6216,la Guineueta,Nou Barris,2.48,,15394
45,2007,46,8,6075,el Turó de la Peira,Nou Barris,2.49,,15102
44,2007,45,8,9727,Porta,Nou Barris,2.41,,23470
43,2007,44,8,10382,Vilapicina i la Torre Llobeta,Nou Barris,2.47,,25672
42,2007,43,7,10605,Horta,Horta-Guinardó,2.51,,26638
41,2007,42,7,182,la Clota,Horta-Guinardó,2.45,,445
40,2007,41,7,2105,la Vall d'Hebron,Horta-Guinardó,2.6,,5476
46,2007,47,8,862,Can Peguera,Nou Barris,2.49,,2143
39,2007,40,7,2141,Montbau,Horta-Guinardó,2.38,,5105
55,2007,56,8,469,Vallbona,Nou Barris,2.7,,1267
57,2007,58,9,921,Baró de Viver,Sant Andreu,2.6,,2397
0,2007,1,1,17235,el Raval,Ciutat Vella,2.7,,46595
70,2007,71,10,7243,Provençals del Poblenou,Sant Martí,2.59,,18731
69,2007,70,10,8244,el Besòs i el Maresme,Sant Martí,2.75,,22652
68,2007,69,10,4032,Diagonal Mar i el Front Marítim del Poblenou,Sant Martí,2.42,,9775
67,2007,68,10,12290,el Poblenou,Sant Martí,2.46,,30181
66,2007,67,10,3294,la Vila Olímpica del Poblenou,Sant Martí,2.67,,8783
56,2007,57,9,3437,la Trinitat Vella,Sant Andreu,2.91,,9992
65,2007,66,10,5350,el Parc i la Llacuna del Poblenou,Sant Martí,2.45,,13104
63,2007,64,10,16225,el Camp de l'Arpa del Clot,Sant Martí,2.38,,38604
62,2007,63,9,8675,Navas,Sant Andreu,2.47,,21454
61,2007,62,9,5938,el Congrés i els Indians,Sant Andreu,2.34,,13896
60,2007,61,9,11324,la Sagrera,Sant Andreu,2.51,,28469
59,2007,60,9,22206,Sant Andreu,Sant Andreu,2.48,,55171
58,2007,59,9,4664,el Bon Pastor,Sant Andreu,2.64,,12332
64,2007,65,10,10520,el Clot,Sant Martí,2.55,,26796
38,2007,39,7,2885,Sant Genís dels Agudells,Horta-Guinardó,2.45,,7069
37,2007,38,7,4669,la Teixonera,Horta-Guinardó,2.43,,11332
36,2007,37,7,12767,el Carmel,Horta-Guinardó,2.56,,32745
16,2007,17,3,9836,Sants - Badal,Sants-Montjuïc,2.45,,24085
15,2007,16,3,7364,la Bordeta,Sants-Montjuïc,2.52,,18592
14,2007,15,3,6469,Hostafrancs,Sants-Montjuïc,2.44,,15771
13,2007,14,3,4132,la Font de la Guatlla,Sants-Montjuïc,2.44,,10064
12,2007,13,3,11204,la Marina de Port,Sants-Montjuïc,2.62,,29327
11,2007,12,3,447,la Marina del Prat Vermell,Sants-Montjuïc,2.57,,1149
17,2007,18,3,16938,Sants,Sants-Montjuïc,2.38,,40272
10,2007,11,3,16271,el Poble Sec,Sants-Montjuïc,2.43,,39594
8,2007,9,2,24404,la Nova Esquerra de l'Eixample,Eixample,2.38,,58146
7,2007,8,2,18128,l'Antiga Esquerra de l'Eixample,Eixample,2.28,,41413
6,2007,7,2,17998,la Dreta de l'Eixample,Eixample,2.36,,42504
5,2007,6,2,22134,la Sagrada Família,Eixample,2.36,,52185
4,2007,5,2,12813,el Fort Pienc,Eixample,2.46,,31521
3,2007,4,1,9947,"Sant Pere, Santa Caterina i la Ribera",Ciutat Vella,2.27,,22572
9,2007,10,2,16403,Sant Antoni,Eixample,2.32,,37988
18,2007,19,4,18683,les Corts,Les Corts,2.48,,46400
19,2007,20,4,9450,la Maternitat i Sant Ramon,Les Corts,2.53,,23938
20,2007,21,4,4131,Pedralbes,Les Corts,2.76,,11413
35,2007,36,7,3659,la Font d'en Fargues,Horta-Guinardó,2.63,,9621
34,2007,35,7,14685,el Guinardó,Horta-Guinardó,2.39,,35038
33,2007,34,7,3733,Can Baró,Horta-Guinardó,2.41,,8998
32,2007,33,7,10761,el Baix Guinardó,Horta-Guinardó,2.4,,25816
31,2007,32,6,14776,el Camp d'en Grassot i Gràcia Nova,Gràcia,2.34,,34535
30,2007,31,6,22834,la Vila de Gràcia,Gràcia,2.21,,50409
29,2007,30,6,5311,la Salut,Gràcia,2.46,,13072
28,2007,29,6,3009,el Coll,Gràcia,2.39,,7190
27,2007,28,6,6413,Vallcarca i els Penitents,Gràcia,2.4,,15381
26,2007,27,5,11912,el Putxet i el Farró,Sarrià-Sant Gervasi,2.43,,28990
25,2007,26,5,18382,Sant Gervasi - Galvany,Sarrià-Sant Gervasi,2.53,,46454
24,2007,25,5,8854,Sant Gervasi - la Bonanova,Sarrià-Sant Gervasi,2.67,,23634
23,2007,24,5,5376,les Tres Torres,Sarrià-Sant Gervasi,2.85,,15325
22,2007,23,5,8579,Sarrià,Sarrià-Sant Gervasi,2.72,,23316
21,2007,22,5,1406,"Vallvidrera, el Tibidabo i les Planes",Sarrià-Sant Gervasi,2.87,,4038
2,2007,3,1,7100,la Barceloneta,Ciutat Vella,2.24,,15921
72,2007,73,10,11474,la Verneda i la Pau,Sant Martí,2.57,,29452
1,2007,2,1,7113,el Barri Gòtic,Ciutat Vella,3.93,,27946
0,2008,1,1,17411,el Raval,Ciutat Vella,,2.77,48153
21,2008,22,5,1442,"Vallvidrera, el Tibidabo i les Planes",Sarrià-Sant Gervasi,,2.92,4215
22,2008,23,5,8599,Sarrià,Sarrià-Sant Gervasi,,2.72,23428
23,2008,24,5,5390,les Tres Torres,Sarrià-Sant Gervasi,,2.86,15419
24,2008,25,5,8863,Sant Gervasi - la Bonanova,Sarrià-Sant Gervasi,,2.68,23737
25,2008,26,5,18435,Sant Gervasi - Galvany,Sarrià-Sant Gervasi,,2.53,46726
26,2008,27,5,12058,el Putxet i el Farró,Sarrià-Sant Gervasi,,2.49,30003
20,2008,21,4,4147,Pedralbes,Les Corts,,2.78,11528
27,2008,28,6,6449,Vallcarca i els Penitents,Gràcia,,2.4,15506
29,2008,30,6,5383,la Salut,Gràcia,,2.45,13190
30,2008,31,6,23109,la Vila de Gràcia,Gràcia,,2.26,52301
31,2008,32,6,14906,el Camp d'en Grassot i Gràcia Nova,Gràcia,,2.35,34994
32,2008,33,7,10835,el Baix Guinardó,Horta-Guinardó,,2.41,26130
33,2008,34,7,3797,Can Baró,Horta-Guinardó,,2.42,9176
34,2008,35,7,14833,el Guinardó,Horta-Guinardó,,2.38,35375
28,2008,29,6,3052,el Coll,Gràcia,,2.38,7272
19,2008,20,4,9498,la Maternitat i Sant Ramon,Les Corts,,2.52,23897
18,2008,19,4,18831,les Corts,Les Corts,,2.53,47549
17,2008,18,3,17138,Sants,Sants-Montjuïc,,2.44,41766
1,2008,2,1,7056,el Barri Gòtic,Ciutat Vella,,3.47,24496
3,2008,4,1,10017,"Sant Pere, Santa Caterina i la Ribera",Ciutat Vella,,2.29,22988
4,2008,5,2,12950,el Fort Pienc,Eixample,,2.54,32865
5,2008,6,2,22295,la Sagrada Família,Eixample,,2.38,53010
6,2008,7,2,18217,la Dreta de l'Eixample,Eixample,,2.38,43409
7,2008,8,2,18186,l'Antiga Esquerra de l'Eixample,Eixample,,2.31,41964
8,2008,9,2,24569,la Nova Esquerra de l'Eixample,Eixample,,2.38,58481
9,2008,10,2,16511,Sant Antoni,Eixample,,2.33,38447
10,2008,11,3,16406,el Poble Sec,Sants-Montjuïc,,2.49,40919
11,2008,12,3,437,la Marina del Prat Vermell,Sants-Montjuïc,,2.54,1108
12,2008,13,3,11316,la Marina de Port,Sants-Montjuïc,,2.63,29719
13,2008,14,3,4187,la Font de la Guatlla,Sants-Montjuïc,,2.42,10145
14,2008,15,3,6528,Hostafrancs,Sants-Montjuïc,,2.45,15984
15,2008,16,3,7450,la Bordeta,Sants-Montjuïc,,2.51,18727
16,2008,17,3,9902,Sants - Badal,Sants-Montjuïc,,2.45,24259
35,2008,36,7,3665,la Font d'en Fargues,Horta-Guinardó,,2.62,9614
36,2008,37,7,12964,el Carmel,Horta-Guinardó,,2.55,33028
2,2008,3,1,7177,la Barceloneta,Ciutat Vella,,2.26,16222
38,2008,39,7,2885,Sant Genís dels Agudells,Horta-Guinardó,,2.49,7171
58,2008,59,9,4736,el Bon Pastor,Sant Andreu,,2.85,13474
59,2008,60,9,22313,Sant Andreu,Sant Andreu,,2.48,55353
60,2008,61,9,11453,la Sagrera,Sant Andreu,,2.52,28858
61,2008,62,9,5952,el Congrés i els Indians,Sant Andreu,,2.36,14067
62,2008,63,9,8687,Navas,Sant Andreu,,2.5,21676
37,2008,38,7,4560,la Teixonera,Horta-Guinardó,,2.5,11421
64,2008,65,10,10589,el Clot,Sant Martí,,2.57,27221
65,2008,66,10,5380,el Parc i la Llacuna del Poblenou,Sant Martí,,2.46,13248
66,2008,67,10,3377,la Vila Olímpica del Poblenou,Sant Martí,,2.65,8945
67,2008,68,10,12535,el Poblenou,Sant Martí,,2.47,30949
68,2008,69,10,4147,Diagonal Mar i el Front Marítim del Poblenou,Sant Martí,,2.47,10243
69,2008,70,10,8319,el Besòs i el Maresme,Sant Martí,,2.89,24060
70,2008,71,10,7362,Provençals del Poblenou,Sant Martí,,2.57,18933
71,2008,72,10,10645,Sant Martí de Provençals,Sant Martí,,2.47,26263
72,2008,73,10,11483,la Verneda i la Pau,Sant Martí,,2.58,29651
57,2008,58,9,930,Baró de Viver,Sant Andreu,,2.59,2406
56,2008,57,9,3493,la Trinitat Vella,Sant Andreu,,3.0,10470
63,2008,64,10,16275,el Camp de l'Arpa del Clot,Sant Martí,,2.39,38852
54,2008,55,8,3721,Ciutat Meridiana,Nou Barris,,3.04,11324
39,2008,40,7,2129,Montbau,Horta-Guinardó,,2.42,5156
55,2008,56,8,468,Vallbona,Nou Barris,,2.76,1290
40,2008,41,7,2119,la Vall d'Hebron,Horta-Guinardó,,2.63,5578
41,2008,42,7,183,la Clota,Horta-Guinardó,,2.49,456
42,2008,43,7,10705,Horta,Horta-Guinardó,,2.59,27730
44,2008,45,8,9797,Porta,Nou Barris,,2.42,23745
45,2008,46,8,6137,el Turó de la Peira,Nou Barris,,2.65,16290
43,2008,44,8,10432,Vilapicina i la Torre Llobeta,Nou Barris,,2.48,25916
47,2008,48,8,6215,la Guineueta,Nou Barris,,2.47,15330
48,2008,49,8,2803,Canyelles,Nou Barris,,2.67,7481
49,2008,50,8,5939,les Roquetes,Nou Barris,,2.72,16133
50,2008,51,8,5040,Verdun,Nou Barris,,2.47,12433
51,2008,52,8,10690,la Prosperitat,Nou Barris,,2.51,26865
52,2008,53,8,3198,la Trinitat Nova,Nou Barris,,2.54,8110
53,2008,54,8,690,Torre Baró,Nou Barris,,3.12,2153
46,2008,47,8,862,Can Peguera,Nou Barris,,2.48,2137
24,2009,25,5,9075,Sant Gervasi - la Bonanova,Sarrià-Sant Gervasi,,2.67,24270
20,2009,21,4,4223,Pedralbes,Les Corts,,2.76,11650
21,2009,22,5,1454,"Vallvidrera, el Tibidabo i les Planes",Sarrià-Sant Gervasi,,2.95,4295
22,2009,23,5,8704,Sarrià,Sarrià-Sant Gervasi,,2.73,23802
23,2009,24,5,5510,les Tres Torres,Sarrià-Sant Gervasi,,2.87,15832
25,2009,26,5,18461,Sant Gervasi - Galvany,Sarrià-Sant Gervasi,,2.54,46829
33,2009,34,7,3774,Can Baró,Horta-Guinardó,,2.43,9159
27,2009,28,6,6510,Vallcarca i els Penitents,Gràcia,,2.41,15687
28,2009,29,6,3069,el Coll,Gràcia,,2.38,7299
29,2009,30,6,5436,la Salut,Gràcia,,2.45,13332
30,2009,31,6,23141,la Vila de Gràcia,Gràcia,,2.28,52801
31,2009,32,6,14900,el Camp d'en Grassot i Gràcia Nova,Gràcia,,2.34,34838
32,2009,33,7,10894,el Baix Guinardó,Horta-Guinardó,,2.41,26287
26,2009,27,5,12242,el Putxet i el Farró,Sarrià-Sant Gervasi,,2.49,30461
19,2009,20,4,9544,la Maternitat i Sant Ramon,Les Corts,,2.51,23954
2,2009,3,1,7233,la Barceloneta,Ciutat Vella,,2.26,16351
17,2009,18,3,17286,Sants,Sants-Montjuïc,,2.46,42438
34,2009,35,7,15039,el Guinardó,Horta-Guinardó,,2.38,35836
3,2009,4,1,10068,"Sant Pere, Santa Caterina i la Ribera",Ciutat Vella,,2.3,23136
4,2009,5,2,13038,el Fort Pienc,Eixample,,2.55,33202
5,2009,6,2,22311,la Sagrada Família,Eixample,,2.37,52890
6,2009,7,2,18287,la Dreta de l'Eixample,Eixample,,2.38,43609
7,2009,8,2,18253,l'Antiga Esquerra de l'Eixample,Eixample,,2.31,42183
8,2009,9,2,24570,la Nova Esquerra de l'Eixample,Eixample,,2.38,58559
9,2009,10,2,16554,Sant Antoni,Eixample,,2.34,38742
10,2009,11,3,16436,el Poble Sec,Sants-Montjuïc,,2.5,41018
11,2009,12,3,424,la Marina del Prat Vermell,Sants-Montjuïc,,2.56,1085
12,2009,13,3,11453,la Marina de Port,Sants-Montjuïc,,2.63,30128
13,2009,14,3,4249,la Font de la Guatlla,Sants-Montjuïc,,2.43,10336
14,2009,15,3,6573,Hostafrancs,Sants-Montjuïc,,2.47,16208
15,2009,16,3,7486,la Bordeta,Sants-Montjuïc,,2.51,18823
16,2009,17,3,9972,Sants - Badal,Sants-Montjuïc,,2.46,24507
18,2009,19,4,18934,les Corts,Les Corts,,2.52,47664
35,2009,36,7,3686,la Font d'en Fargues,Horta-Guinardó,,2.61,9608
71,2009,72,10,10689,Sant Martí de Provençals,Sant Martí,,2.48,26457
37,2009,38,7,4592,la Teixonera,Horta-Guinardó,,2.5,11494
58,2009,59,9,4768,el Bon Pastor,Sant Andreu,,2.9,13808
59,2009,60,9,22567,Sant Andreu,Sant Andreu,,2.47,55813
60,2009,61,9,11559,la Sagrera,Sant Andreu,,2.51,29002
61,2009,62,9,5949,el Congrés i els Indians,Sant Andreu,,2.37,14111
62,2009,63,9,8772,Navas,Sant Andreu,,2.49,21858
63,2009,64,10,16373,el Camp de l'Arpa del Clot,Sant Martí,,2.38,38917
57,2009,58,9,943,Baró de Viver,Sant Andreu,,2.52,2372
64,2009,65,10,10732,el Clot,Sant Martí,,2.57,27562
66,2009,67,10,3443,la Vila Olímpica del Poblenou,Sant Martí,,2.67,9202
67,2009,68,10,12713,el Poblenou,Sant Martí,,2.47,31433
68,2009,69,10,4559,Diagonal Mar i el Front Marítim del Poblenou,Sant Martí,,2.44,11132
69,2009,70,10,8416,el Besòs i el Maresme,Sant Martí,,2.91,24527
70,2009,71,10,7618,Provençals del Poblenou,Sant Martí,,2.57,19542
72,2009,73,10,11517,la Verneda i la Pau,Sant Martí,,2.57,29626
65,2009,66,10,5478,el Parc i la Llacuna del Poblenou,Sant Martí,,2.46,13457
56,2009,57,9,3495,la Trinitat Vella,Sant Andreu,,3.03,10574
55,2009,56,8,479,Vallbona,Nou Barris,,2.74,1314
54,2009,55,8,3703,Ciutat Meridiana,Nou Barris,,3.07,11355
38,2009,39,7,2937,Sant Genís dels Agudells,Horta-Guinardó,,2.46,7228
39,2009,40,7,2165,Montbau,Horta-Guinardó,,2.43,5261
40,2009,41,7,2164,la Vall d'Hebron,Horta-Guinardó,,2.6,5618
41,2009,42,7,184,la Clota,Horta-Guinardó,,2.61,480
42,2009,43,7,10758,Horta,Horta-Guinardó,,2.59,27909
43,2009,44,8,10468,Vilapicina i la Torre Llobeta,Nou Barris,,2.48,25957
44,2009,45,8,9899,Porta,Nou Barris,,2.42,23993
45,2009,46,8,6167,el Turó de la Peira,Nou Barris,,2.69,16593
46,2009,47,8,911,Can Peguera,Nou Barris,,2.43,2210
47,2009,48,8,6237,la Guineueta,Nou Barris,,2.47,15411
48,2009,49,8,2802,Canyelles,Nou Barris,,2.63,7359
49,2009,50,8,5969,les Roquetes,Nou Barris,,2.72,16233
50,2009,51,8,5059,Verdun,Nou Barris,,2.45,12418
51,2009,52,8,10700,la Prosperitat,Nou Barris,,2.51,26848
52,2009,53,8,3147,la Trinitat Nova,Nou Barris,,2.56,8070
36,2009,37,7,13007,el Carmel,Horta-Guinardó,,2.54,33081
53,2009,54,8,700,Torre Baró,Nou Barris,,3.14,2200
0,2009,1,1,17539,el Raval,Ciutat Vella,,2.81,49315
1,2009,2,1,7101,el Barri Gòtic,Ciutat Vella,,2.96,21045
51,2010,52,8,10752,la Prosperitat,Nou Barris,,2.49,26749
50,2010,51,8,5094,Verdun,Nou Barris,,2.43,12398
49,2010,50,8,5996,les Roquetes,Nou Barris,,2.7,16178
48,2010,49,8,2808,Canyelles,Nou Barris,,2.61,7322
47,2010,48,8,6242,la Guineueta,Nou Barris,,2.45,15268
46,2010,47,8,916,Can Peguera,Nou Barris,,2.46,2250
45,2010,46,8,6255,el Turó de la Peira,Nou Barris,,2.71,16932
44,2010,45,8,9939,Porta,Nou Barris,,2.4,23809
43,2010,44,8,10443,Vilapicina i la Torre Llobeta,Nou Barris,,2.46,25666
42,2010,43,7,10804,Horta,Horta-Guinardó,,2.58,27825
41,2010,42,7,183,la Clota,Horta-Guinardó,,2.46,451
40,2010,41,7,2220,la Vall d'Hebron,Horta-Guinardó,,2.54,5630
39,2010,40,7,2164,Montbau,Horta-Guinardó,,2.4,5199
38,2010,39,7,2915,Sant Genís dels Agudells,Horta-Guinardó,,2.42,7060
37,2010,38,7,4646,la Teixonera,Horta-Guinardó,,2.47,11481
52,2010,53,8,3099,la Trinitat Nova,Nou Barris,,2.52,7815
36,2010,37,7,13005,el Carmel,Horta-Guinardó,,2.52,32753
35,2010,36,7,3695,la Font d'en Fargues,Horta-Guinardó,,2.59,9585
55,2010,56,8,483,Vallbona,Nou Barris,,2.78,1342
70,2010,71,10,7781,Provençals del Poblenou,Sant Martí,,2.52,19636
69,2010,70,10,8443,el Besòs i el Maresme,Sant Martí,,2.89,24403
68,2010,69,10,4915,Diagonal Mar i el Front Marítim del Poblenou,Sant Martí,,2.39,11730
67,2010,68,10,12987,el Poblenou,Sant Martí,,2.46,31961
66,2010,67,10,3497,la Vila Olímpica del Poblenou,Sant Martí,,2.65,9275
65,2010,66,10,5569,el Parc i la Llacuna del Poblenou,Sant Martí,,2.47,13728
64,2010,65,10,10794,el Clot,Sant Martí,,2.55,27505
63,2010,64,10,16363,el Camp de l'Arpa del Clot,Sant Martí,,2.35,38399
62,2010,63,9,8808,Navas,Sant Andreu,,2.46,21699
61,2010,62,9,5944,el Congrés i els Indians,Sant Andreu,,2.35,13977
60,2010,61,9,11663,la Sagrera,Sant Andreu,,2.5,29117
59,2010,60,9,22854,Sant Andreu,Sant Andreu,,2.44,55813
58,2010,59,9,4764,el Bon Pastor,Sant Andreu,,2.91,13846
57,2010,58,9,933,Baró de Viver,Sant Andreu,,2.52,2353
56,2010,57,9,3475,la Trinitat Vella,Sant Andreu,,3.03,10544
54,2010,55,8,3670,Ciutat Meridiana,Nou Barris,,3.03,11121
53,2010,54,8,698,Torre Baró,Nou Barris,,3.1,2166
72,2010,73,10,11501,la Verneda i la Pau,Sant Martí,,2.55,29385
33,2010,34,7,3785,Can Baró,Horta-Guinardó,,2.39,9034
13,2010,14,3,4293,la Font de la Guatlla,Sants-Montjuïc,,2.4,10310
12,2010,13,3,11550,la Marina de Port,Sants-Montjuïc,,2.61,30134
11,2010,12,3,426,la Marina del Prat Vermell,Sants-Montjuïc,,2.51,1069
10,2010,11,3,16445,el Poble Sec,Sants-Montjuïc,,2.5,41138
9,2010,10,2,16584,Sant Antoni,Eixample,,2.32,38414
8,2010,9,2,24684,la Nova Esquerra de l'Eixample,Eixample,,2.36,58247
7,2010,8,2,18257,l'Antiga Esquerra de l'Eixample,Eixample,,2.3,42076
6,2010,7,2,18330,la Dreta de l'Eixample,Eixample,,2.37,43473
5,2010,6,2,22353,la Sagrada Família,Eixample,,2.35,52424
4,2010,5,2,13046,el Fort Pienc,Eixample,,2.52,32900
3,2010,4,1,10170,"Sant Pere, Santa Caterina i la Ribera",Ciutat Vella,,2.27,23101
2,2010,3,1,7243,la Barceloneta,Ciutat Vella,,2.25,16261
1,2010,2,1,7128,el Barri Gòtic,Ciutat Vella,,2.63,18720
0,2010,1,1,17608,el Raval,Ciutat Vella,,2.77,48767
71,2010,72,10,10689,Sant Martí de Provençals,Sant Martí,,2.46,26281
14,2010,15,3,6600,Hostafrancs,Sants-Montjuïc,,2.43,16062
34,2010,35,7,15103,el Guinardó,Horta-Guinardó,,2.37,35803
15,2010,16,3,7481,la Bordeta,Sants-Montjuïc,,2.48,18519
17,2010,18,3,17476,Sants,Sants-Montjuïc,,2.44,42568
32,2010,33,7,10912,el Baix Guinardó,Horta-Guinardó,,2.39,26123
31,2010,32,6,14945,el Camp d'en Grassot i Gràcia Nova,Gràcia,,2.32,34681
30,2010,31,6,23340,la Vila de Gràcia,Gràcia,,2.25,52586
29,2010,30,6,5430,la Salut,Gràcia,,2.44,13267
28,2010,29,6,3089,el Coll,Gràcia,,2.35,7271
27,2010,28,6,6470,Vallcarca i els Penitents,Gràcia,,2.39,15436
26,2010,27,5,12312,el Putxet i el Farró,Sarrià-Sant Gervasi,,2.48,30566
25,2010,26,5,18493,Sant Gervasi - Galvany,Sarrià-Sant Gervasi,,2.51,46478
24,2010,25,5,9158,Sant Gervasi - la Bonanova,Sarrià-Sant Gervasi,,2.65,24307
23,2010,24,5,5550,les Tres Torres,Sarrià-Sant Gervasi,,2.85,15807
22,2010,23,5,8837,Sarrià,Sarrià-Sant Gervasi,,2.72,24028
21,2010,22,5,1485,"Vallvidrera, el Tibidabo i les Planes",Sarrià-Sant Gervasi,,2.92,4340
20,2010,21,4,4276,Pedralbes,Les Corts,,2.75,11758
19,2010,20,4,9583,la Maternitat i Sant Ramon,Les Corts,,2.49,23818
18,2010,19,4,19049,les Corts,Les Corts,,2.5,47635
16,2010,17,3,10028,Sants - Badal,Sants-Montjuïc,,2.44,24470
71,2011,72,10,10707,Sant Martí de Provençals,Sant Martí,,2.44,26178
72,2011,73,10,11482,la Verneda i la Pau,Sant Martí,,2.54,29131
18,2011,19,4,19004,les Corts,Les Corts,,2.47,46953
20,2011,21,4,4238,Pedralbes,Les Corts,,2.74,11629
21,2011,22,5,1494,"Vallvidrera, el Tibidabo i les Planes",Sarrià-Sant Gervasi,,2.91,4355
22,2011,23,5,8809,Sarrià,Sarrià-Sant Gervasi,,2.74,24153
23,2011,24,5,5518,les Tres Torres,Sarrià-Sant Gervasi,,2.85,15700
24,2011,25,5,9178,Sant Gervasi - la Bonanova,Sarrià-Sant Gervasi,,2.66,24432
25,2011,26,5,18405,Sant Gervasi - Galvany,Sarrià-Sant Gervasi,,2.51,46207
19,2011,20,4,9585,la Maternitat i Sant Ramon,Les Corts,,2.48,23758
26,2011,27,5,12245,el Putxet i el Farró,Sarrià-Sant Gervasi,,2.45,29941
28,2011,29,6,3104,el Coll,Gràcia,,2.35,7296
29,2011,30,6,5434,la Salut,Gràcia,,2.43,13199
30,2011,31,6,23218,la Vila de Gràcia,Gràcia,,2.2,51037
31,2011,32,6,14916,el Camp d'en Grassot i Gràcia Nova,Gràcia,,2.31,34497
32,2011,33,7,10904,el Baix Guinardó,Horta-Guinardó,,2.38,25972
33,2011,34,7,3771,Can Baró,Horta-Guinardó,,2.38,8984
27,2011,28,6,6448,Vallcarca i els Penitents,Gràcia,,2.39,15396
34,2011,35,7,15127,el Guinardó,Horta-Guinardó,,2.36,35673
17,2011,18,3,17417,Sants,Sants-Montjuïc,,2.39,41666
15,2011,16,3,7476,la Bordeta,Sants-Montjuïc,,2.47,18431
1,2011,2,1,7012,el Barri Gòtic,Ciutat Vella,,2.46,17257
2,2011,3,1,7133,la Barceloneta,Ciutat Vella,,2.2,15674
3,2011,4,1,10043,"Sant Pere, Santa Caterina i la Ribera",Ciutat Vella,,2.25,22632
4,2011,5,2,12965,el Fort Pienc,Eixample,,2.5,32348
5,2011,6,2,22337,la Sagrada Família,Eixample,,2.33,52000
6,2011,7,2,18194,la Dreta de l'Eixample,Eixample,,2.37,43206
16,2011,17,3,10050,Sants - Badal,Sants-Montjuïc,,2.43,24431
7,2011,8,2,18124,l'Antiga Esquerra de l'Eixample,Eixample,,2.3,41653
9,2011,10,2,16540,Sant Antoni,Eixample,,2.31,38130
10,2011,11,3,16387,el Poble Sec,Sants-Montjuïc,,2.48,40704
11,2011,12,3,427,la Marina del Prat Vermell,Sants-Montjuïc,,2.49,1065
12,2011,13,3,11574,la Marina de Port,Sants-Montjuïc,,2.62,30290
13,2011,14,3,4286,la Font de la Guatlla,Sants-Montjuïc,,2.38,10222
14,2011,15,3,6591,Hostafrancs,Sants-Montjuïc,,2.42,15955
8,2011,9,2,24582,la Nova Esquerra de l'Eixample,Eixample,,2.35,57659
35,2011,36,7,3691,la Font d'en Fargues,Horta-Guinardó,,2.57,9495
0,2011,1,1,17409,el Raval,Ciutat Vella,,2.79,48485
37,2011,38,7,4658,la Teixonera,Horta-Guinardó,,2.45,11420
56,2011,57,9,3461,la Trinitat Vella,Sant Andreu,,3.0,10372
57,2011,58,9,932,Baró de Viver,Sant Andreu,,2.51,2343
58,2011,59,9,4738,el Bon Pastor,Sant Andreu,,2.82,13374
59,2011,60,9,23003,Sant Andreu,Sant Andreu,,2.43,55902
60,2011,61,9,11695,la Sagrera,Sant Andreu,,2.49,29136
62,2011,63,9,8805,Navas,Sant Andreu,,2.47,21758
63,2011,64,10,16308,el Camp de l'Arpa del Clot,Sant Martí,,2.33,37957
64,2011,65,10,10768,el Clot,Sant Martí,,2.52,27114
65,2011,66,10,5627,el Parc i la Llacuna del Poblenou,Sant Martí,,2.45,13772
66,2011,67,10,3485,la Vila Olímpica del Poblenou,Sant Martí,,2.64,9191
67,2011,68,10,13146,el Poblenou,Sant Martí,,2.45,32208
68,2011,69,10,5053,Diagonal Mar i el Front Marítim del Poblenou,Sant Martí,,2.43,12289
69,2011,70,10,8442,el Besòs i el Maresme,Sant Martí,,2.84,23998
70,2011,71,10,7823,Provençals del Poblenou,Sant Martí,,2.52,19732
36,2011,37,7,12961,el Carmel,Horta-Guinardó,,2.5,32425
55,2011,56,8,481,Vallbona,Nou Barris,,2.87,1381
54,2011,55,8,3650,Ciutat Meridiana,Nou Barris,,2.97,10832
61,2011,62,9,5966,el Congrés i els Indians,Sant Andreu,,2.36,14063
53,2011,54,8,699,Torre Baró,Nou Barris,,3.14,2193
39,2011,40,7,2175,Montbau,Horta-Guinardó,,2.39,5191
40,2011,41,7,2208,la Vall d'Hebron,Horta-Guinardó,,2.53,5580
41,2011,42,7,182,la Clota,Horta-Guinardó,,2.59,472
42,2011,43,7,10781,Horta,Horta-Guinardó,,2.53,27312
43,2011,44,8,10415,Vilapicina i la Torre Llobeta,Nou Barris,,2.45,25515
44,2011,45,8,10086,Porta,Nou Barris,,2.47,24909
45,2011,46,8,6136,el Turó de la Peira,Nou Barris,,2.49,15270
38,2011,39,7,2897,Sant Genís dels Agudells,Horta-Guinardó,,2.41,6977
47,2011,48,8,6242,la Guineueta,Nou Barris,,2.45,15294
48,2011,49,8,2807,Canyelles,Nou Barris,,2.55,7170
49,2011,50,8,5962,les Roquetes,Nou Barris,,2.69,16050
50,2011,51,8,5095,Verdun,Nou Barris,,2.43,12396
51,2011,52,8,10741,la Prosperitat,Nou Barris,,2.48,26594
52,2011,53,8,3069,la Trinitat Nova,Nou Barris,,2.5,7682
46,2011,47,8,913,Can Peguera,Nou Barris,,2.46,2249
52,2012,53,8,2998,la Trinitat Nova,Nou Barris,,2.6,7692
51,2012,52,8,10691,la Prosperitat,Nou Barris,,2.5,26515
50,2012,51,8,5090,Verdun,Nou Barris,,2.4,12407
49,2012,50,8,5937,les Roquetes,Nou Barris,,2.7,16018
48,2012,49,8,2788,Canyelles,Nou Barris,,2.6,7144
47,2012,48,8,6220,la Guineueta,Nou Barris,,2.4,15143
46,2012,47,8,920,Can Peguera,Nou Barris,,2.4,2242
42,2012,43,7,10770,Horta,Horta-Guinardó,,2.5,26816
44,2012,45,8,10140,Porta,Nou Barris,,2.4,24772
43,2012,44,8,10458,Vilapicina i la Torre Llobeta,Nou Barris,,2.4,25584
41,2012,42,7,176,la Clota,Horta-Guinardó,,2.6,456
40,2012,41,7,2204,la Vall d'Hebron,Horta-Guinardó,,2.5,5545
39,2012,40,7,2141,Montbau,Horta-Guinardó,,2.4,5090
38,2012,39,7,2868,Sant Genís dels Agudells,Horta-Guinardó,,2.4,6922
53,2012,54,8,716,Torre Baró,Nou Barris,,3.0,2178
45,2012,46,8,6126,el Turó de la Peira,Nou Barris,,2.5,15428
54,2012,55,8,3585,Ciutat Meridiana,Nou Barris,,3.0,10709
71,2012,72,10,10675,Sant Martí de Provençals,Sant Martí,,2.4,26152
56,2012,57,9,3513,la Trinitat Vella,Sant Andreu,,3.0,10487
37,2012,38,7,4658,la Teixonera,Horta-Guinardó,,2.4,11410
70,2012,71,10,8005,Provençals del Poblenou,Sant Martí,,2.5,19952
69,2012,70,10,8397,el Besòs i el Maresme,Sant Martí,,2.8,23732
68,2012,69,10,5264,Diagonal Mar i el Front Marítim del Poblenou,Sant Martí,,2.4,12701
67,2012,68,10,13358,el Poblenou,Sant Martí,,2.5,32816
66,2012,67,10,3554,la Vila Olímpica del Poblenou,Sant Martí,,2.6,9322
65,2012,66,10,5864,el Parc i la Llacuna del Poblenou,Sant Martí,,2.4,14147
64,2012,65,10,10785,el Clot,Sant Martí,,2.5,27201
63,2012,64,10,16330,el Camp de l'Arpa del Clot,Sant Martí,,2.3,38232
62,2012,63,9,8834,Navas,Sant Andreu,,2.5,21728
61,2012,62,9,5965,el Congrés i els Indians,Sant Andreu,,2.4,14112
60,2012,61,9,11695,la Sagrera,Sant Andreu,,2.5,29038
59,2012,60,9,23242,Sant Andreu,Sant Andreu,,2.4,56204
58,2012,59,9,4700,el Bon Pastor,Sant Andreu,,2.8,12990
57,2012,58,9,941,Baró de Viver,Sant Andreu,,2.5,2393
55,2012,56,8,473,Vallbona,Nou Barris,,2.8,1329
36,2012,37,7,12963,el Carmel,Horta-Guinardó,,2.5,32323
1,2012,2,1,6892,el Barri Gòtic,Ciutat Vella,,2.4,16754
34,2012,35,7,15134,el Guinardó,Horta-Guinardó,,2.4,35697
14,2012,15,3,6652,Hostafrancs,Sants-Montjuïc,,2.4,16094
13,2012,14,3,4302,la Font de la Guatlla,Sants-Montjuïc,,2.4,10236
12,2012,13,3,11676,la Marina de Port,Sants-Montjuïc,,2.6,30256
11,2012,12,3,405,la Marina del Prat Vermell,Sants-Montjuïc,,2.6,1046
10,2012,11,3,16382,el Poble Sec,Sants-Montjuïc,,2.5,41380
9,2012,10,2,16596,Sant Antoni,Eixample,,2.3,38277
8,2012,9,2,24687,la Nova Esquerra de l'Eixample,Eixample,,2.3,57760
7,2012,8,2,18281,l'Antiga Esquerra de l'Eixample,Eixample,,2.3,41887
6,2012,7,2,18449,la Dreta de l'Eixample,Eixample,,2.4,43436
5,2012,6,2,22314,la Sagrada Família,Eixample,,2.3,52007
4,2012,5,2,13123,el Fort Pienc,Eixample,,2.5,32225
3,2012,4,1,10138,"Sant Pere, Santa Caterina i la Ribera",Ciutat Vella,,2.3,22873
2,2012,3,1,7114,la Barceloneta,Ciutat Vella,,2.2,15745
72,2012,73,10,11505,la Verneda i la Pau,Sant Martí,,2.5,29201
0,2012,1,1,17503,el Raval,Ciutat Vella,,2.8,49844
15,2012,16,3,7509,la Bordeta,Sants-Montjuïc,,2.5,18498
35,2012,36,7,3700,la Font d'en Fargues,Horta-Guinardó,,2.6,9498
16,2012,17,3,10076,Sants - Badal,Sants-Montjuïc,,2.4,24574
18,2012,19,4,19162,les Corts,Les Corts,,2.4,46698
33,2012,34,7,3782,Can Baró,Horta-Guinardó,,2.4,8990
32,2012,33,7,10905,el Baix Guinardó,Horta-Guinardó,,2.4,25768
31,2012,32,6,14992,el Camp d'en Grassot i Gràcia Nova,Gràcia,,2.3,34582
30,2012,31,6,23304,la Vila de Gràcia,Gràcia,,2.2,51025
29,2012,30,6,5448,la Salut,Gràcia,,2.4,13196
28,2012,29,6,3060,el Coll,Gràcia,,2.4,7222
27,2012,28,6,6519,Vallcarca i els Penitents,Gràcia,,2.4,15521
26,2012,27,5,12263,el Putxet i el Farró,Sarrià-Sant Gervasi,,2.4,29618
25,2012,26,5,18566,Sant Gervasi - Galvany,Sarrià-Sant Gervasi,,2.5,46466
24,2012,25,5,9228,Sant Gervasi - la Bonanova,Sarrià-Sant Gervasi,,2.7,24552
23,2012,24,5,5576,les Tres Torres,Sarrià-Sant Gervasi,,2.9,16008
22,2012,23,5,8947,Sarrià,Sarrià-Sant Gervasi,,2.7,24362
21,2012,22,5,1527,"Vallvidrera, el Tibidabo i les Planes",Sarrià-Sant Gervasi,,2.9,4398
20,2012,21,4,4285,Pedralbes,Les Corts,,2.7,11778
19,2012,20,4,9675,la Maternitat i Sant Ramon,Les Corts,,2.5,23762
17,2012,18,3,17452,Sants,Sants-Montjuïc,,2.4,41530
72,2013,73,10,11510,la Verneda i la Pau,Sant Martí,,2.5,29111
71,2013,72,10,10649,Sant Martí de Provençals,Sant Martí,,2.4,26040
34,2013,35,7,15114,el Guinardó,Horta-Guinardó,,2.4,35792
49,2013,50,8,5919,les Roquetes,Nou Barris,,2.7,15836
48,2013,49,8,2801,Canyelles,Nou Barris,,2.5,7097
47,2013,48,8,6196,la Guineueta,Nou Barris,,2.4,15110
46,2013,47,8,938,Can Peguera,Nou Barris,,2.4,2272
45,2013,46,8,6107,el Turó de la Peira,Nou Barris,,2.5,15307
44,2013,45,8,10144,Porta,Nou Barris,,2.4,24427
50,2013,51,8,5067,Verdun,Nou Barris,,2.4,12296
43,2013,44,8,10446,Vilapicina i la Torre Llobeta,Nou Barris,,2.4,25527
41,2013,42,7,206,la Clota,Horta-Guinardó,,2.4,503
40,2013,41,7,2209,la Vall d'Hebron,Horta-Guinardó,,2.5,5543
39,2013,40,7,2128,Montbau,Horta-Guinardó,,2.4,5134
38,2013,39,7,2873,Sant Genís dels Agudells,Horta-Guinardó,,2.4,6914
37,2013,38,7,4753,la Teixonera,Horta-Guinardó,,2.4,11589
36,2013,37,7,12799,el Carmel,Horta-Guinardó,,2.5,31847
42,2013,43,7,10746,Horta,Horta-Guinardó,,2.5,26547
51,2013,52,8,10752,la Prosperitat,Nou Barris,,2.4,26320
52,2013,53,8,2958,la Trinitat Nova,Nou Barris,,2.5,7483
53,2013,54,8,727,Torre Baró,Nou Barris,,3.0,2205
68,2013,69,10,5402,Diagonal Mar i el Front Marítim del Poblenou,Sant Martí,,2.4,13124
67,2013,68,10,13462,el Poblenou,Sant Martí,,2.5,33176
66,2013,67,10,3533,la Vila Olímpica del Poblenou,Sant Martí,,2.7,9367
65,2013,66,10,5992,el Parc i la Llacuna del Poblenou,Sant Martí,,2.4,14515
64,2013,65,10,10817,el Clot,Sant Martí,,2.5,27154
63,2013,64,10,16327,el Camp de l'Arpa del Clot,Sant Martí,,2.3,38025
62,2013,63,9,8935,Navas,Sant Andreu,,2.4,21791
61,2013,62,9,5930,el Congrés i els Indians,Sant Andreu,,2.4,14020
60,2013,61,9,11681,la Sagrera,Sant Andreu,,2.5,28827
59,2013,60,9,23280,Sant Andreu,Sant Andreu,,2.4,56285
58,2013,59,9,4667,el Bon Pastor,Sant Andreu,,2.7,12760
57,2013,58,9,945,Baró de Viver,Sant Andreu,,2.6,2438
56,2013,57,9,3530,la Trinitat Vella,Sant Andreu,,3.0,10418
55,2013,56,8,479,Vallbona,Nou Barris,,2.8,1330
54,2013,55,8,3581,Ciutat Meridiana,Nou Barris,,2.9,10527
35,2013,36,7,3706,la Font d'en Fargues,Horta-Guinardó,,2.6,9482
70,2013,71,10,8067,Provençals del Poblenou,Sant Martí,,2.5,20160
69,2013,70,10,8407,el Besòs i el Maresme,Sant Martí,,2.8,23184
32,2013,33,7,10860,el Baix Guinardó,Horta-Guinardó,,2.4,25673
13,2013,14,3,4323,la Font de la Guatlla,Sants-Montjuïc,,2.4,10294
12,2013,13,3,11706,la Marina de Port,Sants-Montjuïc,,2.6,30098
11,2013,12,3,427,la Marina del Prat Vermell,Sants-Montjuïc,,2.7,1138
10,2013,11,3,16210,el Poble Sec,Sants-Montjuïc,,2.5,41042
9,2013,10,2,16559,Sant Antoni,Eixample,,2.3,38290
8,2013,9,2,24663,la Nova Esquerra de l'Eixample,Eixample,,2.3,57816
14,2013,15,3,6620,Hostafrancs,Sants-Montjuïc,,2.4,15892
7,2013,8,2,18249,l'Antiga Esquerra de l'Eixample,Eixample,,2.3,41842
5,2013,6,2,22239,la Sagrada Família,Eixample,,2.3,51718
4,2013,5,2,13041,el Fort Pienc,Eixample,,2.4,31752
3,2013,4,1,10082,"Sant Pere, Santa Caterina i la Ribera",Ciutat Vella,,2.3,22817
2,2013,3,1,7031,la Barceloneta,Ciutat Vella,,2.2,15570
1,2013,2,1,6830,el Barri Gòtic,Ciutat Vella,,2.4,16325
0,2013,1,1,17384,el Raval,Ciutat Vella,,2.9,49622
6,2013,7,2,18483,la Dreta de l'Eixample,Eixample,,2.3,43433
33,2013,34,7,3762,Can Baró,Horta-Guinardó,,2.4,8916
15,2013,16,3,7503,la Bordeta,Sants-Montjuïc,,2.5,18446
17,2013,18,3,17365,Sants,Sants-Montjuïc,,2.4,41104
31,2013,32,6,14919,el Camp d'en Grassot i Gràcia Nova,Gràcia,,2.3,34406
30,2013,31,6,23082,la Vila de Gràcia,Gràcia,,2.2,50714
29,2013,30,6,5433,la Salut,Gràcia,,2.4,13208
28,2013,29,6,3021,el Coll,Gràcia,,2.4,7169
27,2013,28,6,6488,Vallcarca i els Penitents,Gràcia,,2.4,15479
26,2013,27,5,12116,el Putxet i el Farró,Sarrià-Sant Gervasi,,2.4,28862
16,2013,17,3,10047,Sants - Badal,Sants-Montjuïc,,2.4,24339
25,2013,26,5,18553,Sant Gervasi - Galvany,Sarrià-Sant Gervasi,,2.5,46620
23,2013,24,5,5559,les Tres Torres,Sarrià-Sant Gervasi,,2.9,16140
22,2013,23,5,8888,Sarrià,Sarrià-Sant Gervasi,,2.8,24587
21,2013,22,5,1547,"Vallvidrera, el Tibidabo i les Planes",Sarrià-Sant Gervasi,,2.9,4491
20,2013,21,4,4255,Pedralbes,Les Corts,,2.8,11782
19,2013,20,4,9632,la Maternitat i Sant Ramon,Les Corts,,2.5,23653
18,2013,19,4,19019,les Corts,Les Corts,,2.4,46135
24,2013,25,5,9320,Sant Gervasi - la Bonanova,Sarrià-Sant Gervasi,,2.7,25234
72,2014,73,10,11476,la Verneda i la Pau,Sant Martí,,2.5,28903
0,2014,1,1,17000,el Raval,Ciutat Vella,,2.9,48471
71,2014,72,10,10623,Sant Martí de Provençals,Sant Martí,,2.4,26018
2,2014,3,1,6881,la Barceloneta,Ciutat Vella,,2.2,15181
52,2014,53,8,2925,la Trinitat Nova,Nou Barris,,2.6,7462
51,2014,52,8,10720,la Prosperitat,Nou Barris,,2.4,26171
50,2014,51,8,5056,Verdun,Nou Barris,,2.4,12239
49,2014,50,8,5869,les Roquetes,Nou Barris,,2.7,15668
48,2014,49,8,2810,Canyelles,Nou Barris,,2.5,7014
47,2014,48,8,6178,la Guineueta,Nou Barris,,2.4,15090
70,2014,71,10,8054,Provençals del Poblenou,Sant Martí,,2.5,20184
46,2014,47,8,933,Can Peguera,Nou Barris,,2.5,2288
44,2014,45,8,10175,Porta,Nou Barris,,2.4,24424
43,2014,44,8,10442,Vilapicina i la Torre Llobeta,Nou Barris,,2.4,25500
42,2014,43,7,10722,Horta,Horta-Guinardó,,2.5,26591
41,2014,42,7,226,la Clota,Horta-Guinardó,,2.3,529
40,2014,41,7,2187,la Vall d'Hebron,Horta-Guinardó,,2.5,5422
39,2014,40,7,2109,Montbau,Horta-Guinardó,,2.4,5082
45,2014,46,8,6189,el Turó de la Peira,Nou Barris,,2.5,15471
38,2014,39,7,2859,Sant Genís dels Agudells,Horta-Guinardó,,2.4,6865
54,2014,55,8,3588,Ciutat Meridiana,Nou Barris,,2.9,10356
56,2014,57,9,3506,la Trinitat Vella,Sant Andreu,,2.9,10268
1,2014,2,1,6638,el Barri Gòtic,Ciutat Vella,,2.4,15911
69,2014,70,10,8403,el Besòs i el Maresme,Sant Martí,,2.8,23191
68,2014,69,10,5438,Diagonal Mar i el Front Marítim del Poblenou,Sant Martí,,2.5,13351
67,2014,68,10,13551,el Poblenou,Sant Martí,,2.5,33425
66,2014,67,10,3548,la Vila Olímpica del Poblenou,Sant Martí,,2.6,9391
65,2014,66,10,6087,el Parc i la Llacuna del Poblenou,Sant Martí,,2.4,14814
55,2014,56,8,473,Vallbona,Nou Barris,,2.9,1353
64,2014,65,10,10803,el Clot,Sant Martí,,2.5,27082
62,2014,63,9,8957,Navas,Sant Andreu,,2.5,21949
61,2014,62,9,5919,el Congrés i els Indians,Sant Andreu,,2.4,14076
60,2014,61,9,11690,la Sagrera,Sant Andreu,,2.5,28914
59,2014,60,9,23359,Sant Andreu,Sant Andreu,,2.4,56496
58,2014,59,9,4656,el Bon Pastor,Sant Andreu,,2.7,12758
57,2014,58,9,963,Baró de Viver,Sant Andreu,,2.6,2508
63,2014,64,10,16289,el Camp de l'Arpa del Clot,Sant Martí,,2.3,38130
37,2014,38,7,4729,la Teixonera,Horta-Guinardó,,2.4,11379
53,2014,54,8,894,Torre Baró,Nou Barris,,3.0,2682
11,2014,12,3,447,la Marina del Prat Vermell,Sants-Montjuïc,,2.6,1151
17,2014,18,3,17307,Sants,Sants-Montjuïc,,2.4,41102
15,2014,16,3,7505,la Bordeta,Sants-Montjuïc,,2.5,18451
14,2014,15,3,6579,Hostafrancs,Sants-Montjuïc,,2.4,15919
13,2014,14,3,4335,la Font de la Guatlla,Sants-Montjuïc,,2.4,10406
12,2014,13,3,11784,la Marina de Port,Sants-Montjuïc,,2.6,30286
10,2014,11,3,16092,el Poble Sec,Sants-Montjuïc,,2.5,40674
18,2014,19,4,19039,les Corts,Les Corts,,2.4,46205
9,2014,10,2,16459,Sant Antoni,Eixample,,2.3,38369
7,2014,8,2,18282,l'Antiga Esquerra de l'Eixample,Eixample,,2.3,41975
6,2014,7,2,18518,la Dreta de l'Eixample,Eixample,,2.4,43749
5,2014,6,2,22019,la Sagrada Família,Eixample,,2.3,51562
4,2014,5,2,12978,el Fort Pienc,Eixample,,2.4,31785
36,2014,37,7,12793,el Carmel,Horta-Guinardó,,2.5,31728
3,2014,4,1,10021,"Sant Pere, Santa Caterina i la Ribera",Ciutat Vella,,2.3,22674
8,2014,9,2,24561,la Nova Esquerra de l'Eixample,Eixample,,2.4,57863
19,2014,20,4,9609,la Maternitat i Sant Ramon,Les Corts,,2.5,23735
16,2014,17,3,10012,Sants - Badal,Sants-Montjuïc,,2.4,24245
21,2014,22,5,1568,"Vallvidrera, el Tibidabo i les Planes",Sarrià-Sant Gervasi,,2.9,4615
35,2014,36,7,3692,la Font d'en Fargues,Horta-Guinardó,,2.6,9467
34,2014,35,7,15109,el Guinardó,Horta-Guinardó,,2.4,35698
33,2014,34,7,3757,Can Baró,Horta-Guinardó,,2.4,8887
32,2014,33,7,10854,el Baix Guinardó,Horta-Guinardó,,2.4,25587
31,2014,32,6,14795,el Camp d'en Grassot i Gràcia Nova,Gràcia,,2.3,34146
20,2014,21,4,4224,Pedralbes,Les Corts,,2.8,11670
29,2014,30,6,5435,la Salut,Gràcia,,2.4,13256
28,2014,29,6,3045,el Coll,Gràcia,,2.4,7307
30,2014,31,6,22939,la Vila de Gràcia,Gràcia,,2.2,50680
26,2014,27,5,12148,el Putxet i el Farró,Sarrià-Sant Gervasi,,2.4,29041
25,2014,26,5,18498,Sant Gervasi - Galvany,Sarrià-Sant Gervasi,,2.5,46648
24,2014,25,5,9336,Sant Gervasi - la Bonanova,Sarrià-Sant Gervasi,,2.7,25378
23,2014,24,5,5570,les Tres Torres,Sarrià-Sant Gervasi,,2.9,16381
22,2014,23,5,8879,Sarrià,Sarrià-Sant Gervasi,,2.8,24691
27,2014,28,6,6452,Vallcarca i els Penitents,Gràcia,,2.4,15454
22,2015,23,5,8843,Sarrià,Sarrià-Sant Gervasi,,2.78,24614
23,2015,24,5,5580,les Tres Torres,Sarrià-Sant Gervasi,,2.98,16624
27,2015,28,6,6461,Vallcarca i els Penitents,Gràcia,,2.4,15508
24,2015,25,5,9352,Sant Gervasi - la Bonanova,Sarrià-Sant Gervasi,,2.73,25511
25,2015,26,5,18516,Sant Gervasi - Galvany,Sarrià-Sant Gervasi,,2.54,46968
26,2015,27,5,12109,el Putxet i el Farró,Sarrià-Sant Gervasi,,2.41,29149
28,2015,29,6,3069,el Coll,Gràcia,,2.39,7324
2,2015,3,1,6820,la Barceloneta,Ciutat Vella,,2.2,15036
30,2015,31,6,22827,la Vila de Gràcia,Gràcia,,2.22,50584
31,2015,32,6,14780,el Camp d'en Grassot i Gràcia Nova,Gràcia,,2.3,34047
32,2015,33,7,10775,el Baix Guinardó,Horta-Guinardó,,2.36,25476
33,2015,34,7,3776,Can Baró,Horta-Guinardó,,2.37,8938
34,2015,35,7,15229,el Guinardó,Horta-Guinardó,,2.37,36073
35,2015,36,7,3697,la Font d'en Fargues,Horta-Guinardó,,2.55,9443
21,2015,22,5,1565,"Vallvidrera, el Tibidabo i les Planes",Sarrià-Sant Gervasi,,2.96,4635
29,2015,30,6,5397,la Salut,Gràcia,,2.45,13213
20,2015,21,4,4225,Pedralbes,Les Corts,,2.78,11763
4,2015,5,2,12880,el Fort Pienc,Eixample,,2.46,31645
18,2015,19,4,19004,les Corts,Les Corts,,2.43,46086
3,2015,4,1,9869,"Sant Pere, Santa Caterina i la Ribera",Ciutat Vella,,2.26,22305
5,2015,6,2,21850,la Sagrada Família,Eixample,,2.35,51347
6,2015,7,2,18308,la Dreta de l'Eixample,Eixample,,2.37,43344
7,2015,8,2,18081,l'Antiga Esquerra de l'Eixample,Eixample,,2.31,41696
8,2015,9,2,24554,la Nova Esquerra de l'Eixample,Eixample,,2.35,57711
9,2015,10,2,16402,Sant Antoni,Eixample,,2.33,38248
19,2015,20,4,9659,la Maternitat i Sant Ramon,Les Corts,,2.47,23845
10,2015,11,3,15969,el Poble Sec,Sants-Montjuïc,,2.52,40217
12,2015,13,3,11772,la Marina de Port,Sants-Montjuïc,,2.58,30374
13,2015,14,3,4280,la Font de la Guatlla,Sants-Montjuïc,,2.42,10355
14,2015,15,3,6554,Hostafrancs,Sants-Montjuïc,,2.41,15812
15,2015,16,3,7518,la Bordeta,Sants-Montjuïc,,2.45,18430
16,2015,17,3,9933,Sants - Badal,Sants-Montjuïc,,2.42,24085
17,2015,18,3,17203,Sants,Sants-Montjuïc,,2.38,40889
11,2015,12,3,442,la Marina del Prat Vermell,Sants-Montjuïc,,2.59,1145
36,2015,37,7,12705,el Carmel,Horta-Guinardó,,2.48,31498
71,2015,72,10,10589,Sant Martí de Provençals,Sant Martí,,2.46,26005
38,2015,39,7,2795,Sant Genís dels Agudells,Horta-Guinardó,,2.39,6693
59,2015,60,9,23363,Sant Andreu,Sant Andreu,,2.43,56682
60,2015,61,9,11730,la Sagrera,Sant Andreu,,2.47,29020
61,2015,62,9,5916,el Congrés i els Indians,Sant Andreu,,2.39,14148
62,2015,63,9,8960,Navas,Sant Andreu,,2.47,22110
63,2015,64,10,16234,el Camp de l'Arpa del Clot,Sant Martí,,2.35,38202
64,2015,65,10,10778,el Clot,Sant Martí,,2.51,27013
65,2015,66,10,6033,el Parc i la Llacuna del Poblenou,Sant Martí,,2.45,14764
66,2015,67,10,3501,la Vila Olímpica del Poblenou,Sant Martí,,2.65,9261
67,2015,68,10,13567,el Poblenou,Sant Martí,,2.48,33579
68,2015,69,10,5412,Diagonal Mar i el Front Marítim del Poblenou,Sant Martí,,2.47,13352
69,2015,70,10,8418,el Besòs i el Maresme,Sant Martí,,2.74,23026
70,2015,71,10,8093,Provençals del Poblenou,Sant Martí,,2.5,20244
72,2015,73,10,11409,la Verneda i la Pau,Sant Martí,,2.51,28678
73,2015,99,99,0,No consta,No consta,,0.0,1
1,2015,2,1,6461,el Barri Gòtic,Ciutat Vella,,2.36,15269
58,2015,59,9,4618,el Bon Pastor,Sant Andreu,,2.74,12655
57,2015,58,9,953,Baró de Viver,Sant Andreu,,2.6,2482
56,2015,57,9,3471,la Trinitat Vella,Sant Andreu,,2.94,10210
55,2015,56,8,478,Vallbona,Nou Barris,,2.83,1351
39,2015,40,7,2106,Montbau,Horta-Guinardó,,2.41,5070
40,2015,41,7,2277,la Vall d'Hebron,Horta-Guinardó,,2.47,5613
41,2015,42,7,249,la Clota,Horta-Guinardó,,2.28,568
42,2015,43,7,10661,Horta,Horta-Guinardó,,2.5,26624
43,2015,44,8,10491,Vilapicina i la Torre Llobeta,Nou Barris,,2.43,25499
44,2015,45,8,10143,Porta,Nou Barris,,2.42,24536
45,2015,46,8,6153,el Turó de la Peira,Nou Barris,,2.51,15420
37,2015,38,7,4687,la Teixonera,Horta-Guinardó,,2.42,11322
46,2015,47,8,926,Can Peguera,Nou Barris,,2.45,2267
48,2015,49,8,2803,Canyelles,Nou Barris,,2.48,6946
49,2015,50,8,5836,les Roquetes,Nou Barris,,2.66,15523
50,2015,51,8,5037,Verdun,Nou Barris,,2.43,12258
51,2015,52,8,10726,la Prosperitat,Nou Barris,,2.44,26184
52,2015,53,8,2879,la Trinitat Nova,Nou Barris,,2.56,7362
53,2015,54,8,935,Torre Baró,Nou Barris,,3.02,2828
54,2015,55,8,3543,Ciutat Meridiana,Nou Barris,,2.87,10156
47,2015,48,8,6164,la Guineueta,Nou Barris,,2.45,15074
0,2015,1,1,16776,el Raval,Ciutat Vella,,2.84,47617
35,2016,36,7,3689,la Font d'en Fargues,Horta-Guinardó,,2.55,9402
1,2016,2,1,6450,el Barri Gòtic,Ciutat Vella,,2.44,15729
21,2016,22,5,1563,"Vallvidrera, el Tibidabo i les Planes",Sarrià-Sant Gervasi,,2.97,4641
22,2016,23,5,8867,Sarrià,Sarrià-Sant Gervasi,,2.8,24810
23,2016,24,5,5586,les Tres Torres,Sarrià-Sant Gervasi,,2.95,16486
24,2016,25,5,9351,Sant Gervasi - la Bonanova,Sarrià-Sant Gervasi,,2.75,25761
25,2016,26,5,18589,Sant Gervasi - Galvany,Sarrià-Sant Gervasi,,2.54,47156
26,2016,27,5,12157,el Putxet i el Farró,Sarrià-Sant Gervasi,,2.41,29318
20,2016,21,4,4191,Pedralbes,Les Corts,,2.83,11864
27,2016,28,6,6415,Vallcarca i els Penitents,Gràcia,,2.41,15448
29,2016,30,6,5392,la Salut,Gràcia,,2.43,13123
30,2016,31,6,22753,la Vila de Gràcia,Gràcia,,2.23,50670
31,2016,32,6,14839,el Camp d'en Grassot i Gràcia Nova,Gràcia,,2.31,34275
32,2016,33,7,10774,el Baix Guinardó,Horta-Guinardó,,2.37,25563
33,2016,34,7,3779,Can Baró,Horta-Guinardó,,2.37,8969
34,2016,35,7,15261,el Guinardó,Horta-Guinardó,,2.37,36176
28,2016,29,6,3079,el Coll,Gràcia,,2.4,7391
72,2016,73,10,11413,la Verneda i la Pau,Sant Martí,,2.51,28673
19,2016,20,4,9672,la Maternitat i Sant Ramon,Les Corts,,2.47,23868
17,2016,18,3,17151,Sants,Sants-Montjuïc,,2.38,40831
3,2016,4,1,9954,"Sant Pere, Santa Caterina i la Ribera",Ciutat Vella,,2.25,22380
4,2016,5,2,12805,el Fort Pienc,Eixample,,2.48,31693
5,2016,6,2,21844,la Sagrada Família,Eixample,,2.35,51349
6,2016,7,2,18391,la Dreta de l'Eixample,Eixample,,2.38,43715
7,2016,8,2,18104,l'Antiga Esquerra de l'Eixample,Eixample,,2.31,41872
8,2016,9,2,24515,la Nova Esquerra de l'Eixample,Eixample,,2.35,57676
18,2016,19,4,18908,les Corts,Les Corts,,2.43,45976
9,2016,10,2,16383,Sant Antoni,Eixample,,2.33,38182
11,2016,12,3,442,la Marina del Prat Vermell,Sants-Montjuïc,,2.59,1146
12,2016,13,3,11780,la Marina de Port,Sants-Montjuïc,,2.58,30397
13,2016,14,3,4266,la Font de la Guatlla,Sants-Montjuïc,,2.42,10316
14,2016,15,3,6611,Hostafrancs,Sants-Montjuïc,,2.41,15915
15,2016,16,3,7530,la Bordeta,Sants-Montjuïc,,2.46,18518
16,2016,17,3,9919,Sants - Badal,Sants-Montjuïc,,2.41,23935
10,2016,11,3,15983,el Poble Sec,Sants-Montjuïc,,2.51,40104
36,2016,37,7,12706,el Carmel,Horta-Guinardó,,2.47,31377
37,2016,38,7,4673,la Teixonera,Horta-Guinardó,,2.41,11281
38,2016,39,7,2826,Sant Genís dels Agudells,Horta-Guinardó,,2.42,6828
58,2016,59,9,4460,el Bon Pastor,Sant Andreu,,2.82,12594
59,2016,60,9,23363,Sant Andreu,Sant Andreu,,2.43,56695
60,2016,61,9,11696,la Sagrera,Sant Andreu,,2.45,28710
61,2016,62,9,5917,el Congrés i els Indians,Sant Andreu,,2.37,14051
62,2016,63,9,8964,Navas,Sant Andreu,,2.47,22097
63,2016,64,10,16270,el Camp de l'Arpa del Clot,Sant Martí,,2.35,38252
57,2016,58,9,963,Baró de Viver,Sant Andreu,,2.61,2511
64,2016,65,10,10767,el Clot,Sant Martí,,2.5,26928
66,2016,67,10,3520,la Vila Olímpica del Poblenou,Sant Martí,,2.66,9346
67,2016,68,10,13562,el Poblenou,Sant Martí,,2.48,33621
68,2016,69,10,5427,Diagonal Mar i el Front Marítim del Poblenou,Sant Martí,,2.48,13455
69,2016,70,10,8267,el Besòs i el Maresme,Sant Martí,,2.73,22609
70,2016,71,10,8139,Provençals del Poblenou,Sant Martí,,2.52,20516
71,2016,72,10,10584,Sant Martí de Provençals,Sant Martí,,2.46,26031
65,2016,66,10,6037,el Parc i la Llacuna del Poblenou,Sant Martí,,2.46,14861
56,2016,57,9,3473,la Trinitat Vella,Sant Andreu,,2.89,10048
55,2016,56,8,470,Vallbona,Nou Barris,,2.88,1354
54,2016,55,8,3544,Ciutat Meridiana,Nou Barris,,2.84,10055
39,2016,40,7,2112,Montbau,Horta-Guinardó,,2.42,5101
40,2016,41,7,2312,la Vall d'Hebron,Horta-Guinardó,,2.46,5687
41,2016,42,7,253,la Clota,Horta-Guinardó,,2.33,590
42,2016,43,7,10573,Horta,Horta-Guinardó,,2.52,26597
43,2016,44,8,10493,Vilapicina i la Torre Llobeta,Nou Barris,,2.43,25522
44,2016,45,8,10111,Porta,Nou Barris,,2.43,24567
45,2016,46,8,6164,el Turó de la Peira,Nou Barris,,2.49,15373
46,2016,47,8,913,Can Peguera,Nou Barris,,2.43,2216
47,2016,48,8,6160,la Guineueta,Nou Barris,,2.44,15050
48,2016,49,8,2801,Canyelles,Nou Barris,,2.47,6925
49,2016,50,8,5831,les Roquetes,Nou Barris,,2.65,15428
50,2016,51,8,5022,Verdun,Nou Barris,,2.44,12261
51,2016,52,8,10692,la Prosperitat,Nou Barris,,2.45,26166
52,2016,53,8,2876,la Trinitat Nova,Nou Barris,,2.52,7259
53,2016,54,8,931,Torre Baró,Nou Barris,,3.0,2795
2,2016,3,1,6850,la Barceloneta,Ciutat Vella,,2.2,15068
0,2016,1,1,16851,el Raval,Ciutat Vella,,2.81,47274
1,2017,2,1,6537,el Barri Gòtic,Ciutat Vella,,2.48,16240
72,2017,73,10,11452,la Verneda i la Pau,Sant Martí,,2.51,28725
20,2017,21,4,4234,Pedralbes,Les Corts,,2.86,12117
21,2017,22,5,1581,"Vallvidrera, el Tibidabo i les Planes",Sarrià-Sant Gervasi,,2.97,4689
22,2017,23,5,8904,Sarrià,Sarrià-Sant Gervasi,,2.82,25106
23,2017,24,5,5593,les Tres Torres,Sarrià-Sant Gervasi,,2.98,16660
24,2017,25,5,9350,Sant Gervasi - la Bonanova,Sarrià-Sant Gervasi,,2.77,25909
25,2017,26,5,18683,Sant Gervasi - Galvany,Sarrià-Sant Gervasi,,2.56,47753
19,2017,20,4,9733,la Maternitat i Sant Ramon,Les Corts,,2.46,23980
26,2017,27,5,12233,el Putxet i el Farró,Sarrià-Sant Gervasi,,2.42,29617
28,2017,29,6,3093,el Coll,Gràcia,,2.4,7428
29,2017,30,6,5391,la Salut,Gràcia,,2.45,13207
30,2017,31,6,22743,la Vila de Gràcia,Gràcia,,2.24,50885
31,2017,32,6,14931,el Camp d'en Grassot i Gràcia Nova,Gràcia,,2.31,34431
32,2017,33,7,10829,el Baix Guinardó,Horta-Guinardó,,2.38,25734
33,2017,34,7,3804,Can Baró,Horta-Guinardó,,2.37,9020
27,2017,28,6,6463,Vallcarca i els Penitents,Gràcia,,2.42,15615
34,2017,35,7,15340,el Guinardó,Horta-Guinardó,,2.38,36538
18,2017,19,4,19037,les Corts,Les Corts,,2.42,46104
16,2017,17,3,9929,Sants - Badal,Sants-Montjuïc,,2.42,24047
2,2017,3,1,6911,la Barceloneta,Ciutat Vella,,2.19,15101
3,2017,4,1,10154,"Sant Pere, Santa Caterina i la Ribera",Ciutat Vella,,2.26,22923
4,2017,5,2,12838,el Fort Pienc,Eixample,,2.5,32048
5,2017,6,2,21920,la Sagrada Família,Eixample,,2.36,51651
6,2017,7,2,18520,la Dreta de l'Eixample,Eixample,,2.39,44246
7,2017,8,2,18223,l'Antiga Esquerra de l'Eixample,Eixample,,2.33,42512
17,2017,18,3,17185,Sants,Sants-Montjuïc,,2.4,41244
8,2017,9,2,24643,la Nova Esquerra de l'Eixample,Eixample,,2.37,58315
10,2017,11,3,16017,el Poble Sec,Sants-Montjuïc,,2.52,40358
11,2017,12,3,447,la Marina del Prat Vermell,Sants-Montjuïc,,2.57,1151
12,2017,13,3,11863,la Marina de Port,Sants-Montjuïc,,2.58,30622
13,2017,14,3,4286,la Font de la Guatlla,Sants-Montjuïc,,2.43,10422
14,2017,15,3,6624,Hostafrancs,Sants-Montjuïc,,2.41,15949
15,2017,16,3,7536,la Bordeta,Sants-Montjuïc,,2.46,18561
9,2017,10,2,16414,Sant Antoni,Eixample,,2.34,38412
36,2017,37,7,12740,el Carmel,Horta-Guinardó,,2.48,31583
37,2017,38,7,4773,la Teixonera,Horta-Guinardó,,2.44,11634
38,2017,39,7,2863,Sant Genís dels Agudells,Horta-Guinardó,,2.43,6971
58,2017,59,9,4469,el Bon Pastor,Sant Andreu,,2.82,12582
59,2017,60,9,23550,Sant Andreu,Sant Andreu,,2.43,57223
60,2017,61,9,11776,la Sagrera,Sant Andreu,,2.47,29031
61,2017,62,9,5916,el Congrés i els Indians,Sant Andreu,,2.39,14141
62,2017,63,9,9002,Navas,Sant Andreu,,2.46,22171
63,2017,64,10,16318,el Camp de l'Arpa del Clot,Sant Martí,,2.35,38371
57,2017,58,9,970,Baró de Viver,Sant Andreu,,2.62,2539
64,2017,65,10,10774,el Clot,Sant Martí,,2.51,27089
66,2017,67,10,3520,la Vila Olímpica del Poblenou,Sant Martí,,2.67,9404
67,2017,68,10,13647,el Poblenou,Sant Martí,,2.49,33931
68,2017,69,10,5487,Diagonal Mar i el Front Marítim del Poblenou,Sant Martí,,2.5,13710
69,2017,70,10,8291,el Besòs i el Maresme,Sant Martí,,2.76,22893
70,2017,71,10,8146,Provençals del Poblenou,Sant Martí,,2.53,20649
71,2017,72,10,10598,Sant Martí de Provençals,Sant Martí,,2.47,26187
65,2017,66,10,6162,el Parc i la Llacuna del Poblenou,Sant Martí,,2.47,15204
56,2017,57,9,3491,la Trinitat Vella,Sant Andreu,,2.87,10006
55,2017,56,8,477,Vallbona,Nou Barris,,2.89,1379
54,2017,55,8,3608,Ciutat Meridiana,Nou Barris,,2.87,10369
39,2017,40,7,2140,Montbau,Horta-Guinardó,,2.42,5171
40,2017,41,7,2352,la Vall d'Hebron,Horta-Guinardó,,2.46,5792
41,2017,42,7,264,la Clota,Horta-Guinardó,,2.31,611
42,2017,43,7,10589,Horta,Horta-Guinardó,,2.53,26743
43,2017,44,8,10482,Vilapicina i la Torre Llobeta,Nou Barris,,2.44,25618
44,2017,45,8,10163,Porta,Nou Barris,,2.46,25046
45,2017,46,8,6183,el Turó de la Peira,Nou Barris,,2.51,15506
46,2017,47,8,921,Can Peguera,Nou Barris,,2.42,2233
47,2017,48,8,6193,la Guineueta,Nou Barris,,2.46,15247
48,2017,49,8,2799,Canyelles,Nou Barris,,2.45,6863
49,2017,50,8,5904,les Roquetes,Nou Barris,,2.65,15648
50,2017,51,8,5078,Verdun,Nou Barris,,2.44,12368
51,2017,52,8,10700,la Prosperitat,Nou Barris,,2.47,26398
52,2017,53,8,2863,la Trinitat Nova,Nou Barris,,2.54,7271
53,2017,54,8,941,Torre Baró,Nou Barris,,3.04,2859
0,2017,1,1,17090,el Raval,Ciutat Vella,,2.81,47986
35,2017,36,7,3694,la Font d'en Fargues,Horta-Guinardó,,2.54,9390
0,2018,1,1,17212,el Raval,Ciutat Vella,,2.77,47605
1,2018,2,1,6565,el Barri Gòtic,Ciutat Vella,,2.59,17035
21,2018,22,5,1605,"Vallvidrera, el Tibidabo i les Planes",Sarrià-Sant Gervasi,,2.93,4710
22,2018,23,5,8928,Sarrià,Sarrià-Sant Gervasi,,2.81,25116
23,2018,24,5,5601,les Tres Torres,Sarrià-Sant Gervasi,,2.98,16678
24,2018,25,5,9381,Sant Gervasi - la Bonanova,Sarrià-Sant Gervasi,,2.76,25889
25,2018,26,5,18757,Sant Gervasi - Galvany,Sarrià-Sant Gervasi,,2.55,47753
26,2018,27,5,12295,el Putxet i el Farró,Sarrià-Sant Gervasi,,2.41,29691
20,2018,21,4,4234,Pedralbes,Les Corts,,2.85,12046
27,2018,28,6,6521,Vallcarca i els Penitents,Gràcia,,2.42,15789
29,2018,30,6,5424,la Salut,Gràcia,,2.44,13260
30,2018,31,6,22767,la Vila de Gràcia,Gràcia,,2.21,50421
31,2018,32,6,14951,el Camp d'en Grassot i Gràcia Nova,Gràcia,,2.32,34663
32,2018,33,7,10849,el Baix Guinardó,Horta-Guinardó,,2.38,25793
33,2018,34,7,3832,Can Baró,Horta-Guinardó,,2.37,9071
34,2018,35,7,15428,el Guinardó,Horta-Guinardó,,2.39,36890
28,2018,29,6,3129,el Coll,Gràcia,,2.38,7460
35,2018,36,7,3710,la Font d'en Fargues,Horta-Guinardó,,2.55,9446
19,2018,20,4,9738,la Maternitat i Sant Ramon,Les Corts,,2.46,23984
17,2018,18,3,17125,Sants,Sants-Montjuïc,,2.42,41370
3,2018,4,1,10238,"Sant Pere, Santa Caterina i la Ribera",Ciutat Vella,,2.21,22605
4,2018,5,2,12831,el Fort Pienc,Eixample,,2.5,32080
5,2018,6,2,21981,la Sagrada Família,Eixample,,2.35,51654
6,2018,7,2,18519,la Dreta de l'Eixample,Eixample,,2.37,43880
7,2018,8,2,18268,l'Antiga Esquerra de l'Eixample,Eixample,,2.33,42611
8,2018,9,2,24719,la Nova Esquerra de l'Eixample,Eixample,,2.36,58238
18,2018,19,4,19088,les Corts,Les Corts,,2.42,46152
9,2018,10,2,16394,Sant Antoni,Eixample,,2.34,38291
11,2018,12,3,462,la Marina del Prat Vermell,Sants-Montjuïc,,2.51,1161
12,2018,13,3,11919,la Marina de Port,Sants-Montjuïc,,2.58,30751
13,2018,14,3,4277,la Font de la Guatlla,Sants-Montjuïc,,2.41,10307
14,2018,15,3,6666,Hostafrancs,Sants-Montjuïc,,2.4,15969
15,2018,16,3,7664,la Bordeta,Sants-Montjuïc,,2.46,18833
16,2018,17,3,9945,Sants - Badal,Sants-Montjuïc,,2.42,24018
10,2018,11,3,15942,el Poble Sec,Sants-Montjuïc,,2.49,39775
36,2018,37,7,12867,el Carmel,Horta-Guinardó,,2.47,31832
37,2018,38,7,4818,la Teixonera,Horta-Guinardó,,2.42,11650
38,2018,39,7,2930,Sant Genís dels Agudells,Horta-Guinardó,,2.44,7149
58,2018,59,9,4487,el Bon Pastor,Sant Andreu,,2.84,12740
59,2018,60,9,23734,Sant Andreu,Sant Andreu,,2.43,57662
60,2018,61,9,11851,la Sagrera,Sant Andreu,,2.46,29197
61,2018,62,9,5907,el Congrés i els Indians,Sant Andreu,,2.4,14196
62,2018,63,9,9047,Navas,Sant Andreu,,2.45,22159
63,2018,64,10,16351,el Camp de l'Arpa del Clot,Sant Martí,,2.35,38440
57,2018,58,9,977,Baró de Viver,Sant Andreu,,2.59,2535
64,2018,65,10,10794,el Clot,Sant Martí,,2.51,27050
66,2018,67,10,3516,la Vila Olímpica del Poblenou,Sant Martí,,2.65,9312
67,2018,68,10,13730,el Poblenou,Sant Martí,,2.48,33985
68,2018,69,10,5456,Diagonal Mar i el Front Marítim del Poblenou,Sant Martí,,2.51,13681
69,2018,70,10,8304,el Besòs i el Maresme,Sant Martí,,2.84,23546
70,2018,71,10,8206,Provençals del Poblenou,Sant Martí,,2.53,20766
71,2018,72,10,10627,Sant Martí de Provençals,Sant Martí,,2.46,26092
65,2018,66,10,6262,el Parc i la Llacuna del Poblenou,Sant Martí,,2.46,15426
56,2018,57,9,3505,la Trinitat Vella,Sant Andreu,,2.87,10071
55,2018,56,8,489,Vallbona,Nou Barris,,2.86,1400
54,2018,55,8,3669,Ciutat Meridiana,Nou Barris,,2.9,10622
39,2018,40,7,2139,Montbau,Horta-Guinardó,,2.41,5157
40,2018,41,7,2351,la Vall d'Hebron,Horta-Guinardó,,2.44,5737
41,2018,42,7,272,la Clota,Horta-Guinardó,,2.42,657
42,2018,43,7,10610,Horta,Horta-Guinardó,,2.53,26867
43,2018,44,8,10525,Vilapicina i la Torre Llobeta,Nou Barris,,2.44,25675
44,2018,45,8,10215,Porta,Nou Barris,,2.5,25568
45,2018,46,8,6213,el Turó de la Peira,Nou Barris,,2.51,15616
46,2018,47,8,925,Can Peguera,Nou Barris,,2.41,2229
47,2018,48,8,6220,la Guineueta,Nou Barris,,2.46,15293
48,2018,49,8,2808,Canyelles,Nou Barris,,2.45,6885
49,2018,50,8,5925,les Roquetes,Nou Barris,,2.66,15784
50,2018,51,8,5107,Verdun,Nou Barris,,2.44,12445
51,2018,52,8,10751,la Prosperitat,Nou Barris,,2.47,26552
52,2018,53,8,2913,la Trinitat Nova,Nou Barris,,2.53,7365
53,2018,54,8,964,Torre Baró,Nou Barris,,3.0,2893
2,2018,3,1,6917,la Barceloneta,Ciutat Vella,,2.15,14893
72,2018,73,10,11469,la Verneda i la Pau,Sant Martí,,2.51,28814
71,2019,72,10,10671,Sant Martí de Provençals,Sant Martí,,2.56,26168
1,2019,2,1,6616,el Barri Gòtic,Ciutat Vella,,2.79,19180
52,2019,53,8,2924,la Trinitat Nova,Nou Barris,,2.49,7620
51,2019,52,8,10770,la Prosperitat,Nou Barris,,2.47,26834
50,2019,51,8,5094,Verdun,Nou Barris,,2.71,12578
49,2019,50,8,5991,les Roquetes,Nou Barris,,2.45,16250
48,2019,49,8,2810,Canyelles,Nou Barris,,2.48,6884
47,2019,48,8,6210,la Guineueta,Nou Barris,,2.4,15398
53,2019,54,8,976,Torre Baró,Nou Barris,,2.61,2931
46,2019,47,8,935,Can Peguera,Nou Barris,,2.54,2247
44,2019,45,8,10258,Porta,Nou Barris,,2.46,26557
43,2019,44,8,10520,Vilapicina i la Torre Llobeta,Nou Barris,,2.58,25895
42,2019,43,7,10658,Horta,Horta-Guinardó,,2.45,27482
41,2019,42,7,280,la Clota,Horta-Guinardó,,2.45,686
40,2019,41,7,2369,la Vall d'Hebron,Horta-Guinardó,,2.41,5803
39,2019,40,7,2147,Montbau,Horta-Guinardó,,2.51,5185
45,2019,46,8,6242,el Turó de la Peira,Nou Barris,,2.59,15825
38,2019,39,7,2948,Sant Genís dels Agudells,Horta-Guinardó,,2.43,7394
54,2019,55,8,3712,Ciutat Meridiana,Nou Barris,,3.0,10864
56,2019,57,9,3544,la Trinitat Vella,Sant Andreu,,2.9,10337
70,2019,71,10,8312,Provençals del Poblenou,Sant Martí,,2.95,21303
69,2019,70,10,8347,el Besòs i el Maresme,Sant Martí,,2.51,24660
68,2019,69,10,5420,Diagonal Mar i el Front Marítim del Poblenou,Sant Martí,,2.49,13625
67,2019,68,10,13700,el Poblenou,Sant Martí,,2.65,34170
66,2019,67,10,3525,la Vila Olímpica del Poblenou,Sant Martí,,2.46,9348
65,2019,66,10,6383,el Parc i la Llacuna del Poblenou,Sant Martí,,2.51,15713
55,2019,56,8,486,Vallbona,Nou Barris,,2.93,1407
64,2019,65,10,10807,el Clot,Sant Martí,,2.38,27172
62,2019,63,9,9063,Navas,Sant Andreu,,2.45,22279
61,2019,62,9,5947,el Congrés i els Indians,Sant Andreu,,2.47,14557
60,2019,61,9,11892,la Sagrera,Sant Andreu,,2.43,29400
59,2019,60,9,23827,Sant Andreu,Sant Andreu,,2.92,57961
58,2019,59,9,4490,el Bon Pastor,Sant Andreu,,2.63,13126
57,2019,58,9,992,Baró de Viver,Sant Andreu,,2.92,2604
63,2019,64,10,16419,el Camp de l'Arpa del Clot,Sant Martí,,2.46,39034
37,2019,38,7,4851,la Teixonera,Horta-Guinardó,,2.5,11789
36,2019,37,7,12879,el Carmel,Horta-Guinardó,,2.54,32175
35,2019,36,7,3746,la Font d'en Fargues,Horta-Guinardó,,2.41,9506
15,2019,16,3,7850,la Bordeta,Sants-Montjuïc,,2.42,19443
14,2019,15,3,6679,Hostafrancs,Sants-Montjuïc,,2.42,16155
13,2019,14,3,4279,la Font de la Guatlla,Sants-Montjuïc,,2.59,10373
12,2019,13,3,11997,la Marina de Port,Sants-Montjuïc,,2.6,31087
11,2019,12,3,462,la Marina del Prat Vermell,Sants-Montjuïc,,2.53,1199
10,2019,11,3,15985,el Poble Sec,Sants-Montjuïc,,2.37,40409
16,2019,17,3,10031,Sants - Badal,Sants-Montjuïc,,2.48,24474
9,2019,10,2,16297,Sant Antoni,Eixample,,2.36,38566
7,2019,8,2,18257,l'Antiga Esquerra de l'Eixample,Eixample,,2.38,43112
6,2019,7,2,18579,la Dreta de l'Eixample,Eixample,,2.36,44215
5,2019,6,2,21980,la Sagrada Família,Eixample,,2.55,51911
4,2019,5,2,12825,el Fort Pienc,Eixample,,2.26,32649
3,2019,4,1,10269,"Sant Pere, Santa Caterina i la Ribera",Ciutat Vella,,2.18,23170
2,2019,3,1,6962,la Barceloneta,Ciutat Vella,,2.9,15173
8,2019,9,2,24801,la Nova Esquerra de l'Eixample,Eixample,,2.36,58642
17,2019,18,3,17143,Sants,Sants-Montjuïc,,2.44,42310
18,2019,19,4,19209,les Corts,Les Corts,,2.47,46599
19,2019,20,4,9718,la Maternitat i Sant Ramon,Les Corts,,2.43,23992
34,2019,35,7,15466,el Guinardó,Horta-Guinardó,,2.38,37216
33,2019,34,7,3886,Can Baró,Horta-Guinardó,,2.4,9247
32,2019,33,7,10846,el Baix Guinardó,Horta-Guinardó,,2.35,25990
31,2019,32,6,14953,el Camp d'en Grassot i Gràcia Nova,Gràcia,,2.22,35199
30,2019,31,6,22845,la Vila de Gràcia,Gràcia,,2.46,50803
29,2019,30,6,5453,la Salut,Gràcia,,2.4,13431
28,2019,29,6,3130,el Coll,Gràcia,,2.43,7518
27,2019,28,6,6555,Vallcarca i els Penitents,Gràcia,,2.43,15902
26,2019,27,5,12315,el Putxet i el Farró,Sarrià-Sant Gervasi,,2.56,29875
25,2019,26,5,18749,Sant Gervasi - Galvany,Sarrià-Sant Gervasi,,2.76,47928
24,2019,25,5,9460,Sant Gervasi - la Bonanova,Sarrià-Sant Gervasi,,2.98,26108
23,2019,24,5,5602,les Tres Torres,Sarrià-Sant Gervasi,,2.83,16671
22,2019,23,5,8876,Sarrià,Sarrià-Sant Gervasi,,2.92,25137
21,2019,22,5,1619,"Vallvidrera, el Tibidabo i les Planes",Sarrià-Sant Gervasi,,2.85,4727
20,2019,21,4,4206,Pedralbes,Les Corts,,2.47,12000
0,2019,1,1,17287,el Raval,Ciutat Vella,,2.49,48297
72,2019,73,10,11455,la Verneda i la Pau,Sant Martí,,2.45,28883
36,2020,37,7,12947,el Carmel,Horta-Guinardó,,2.51,32512
1,2020,2,1,6617,el Barri Gòtic,Ciutat Vella,,3.28,21715
21,2020,22,5,1613,"Vallvidrera, el Tibidabo i les Planes",Sarrià-Sant Gervasi,,2.92,4710
22,2020,23,5,8872,Sarrià,Sarrià-Sant Gervasi,,2.85,25242
23,2020,24,5,5602,les Tres Torres,Sarrià-Sant Gervasi,,2.97,16617
24,2020,25,5,9488,Sant Gervasi - la Bonanova,Sarrià-Sant Gervasi,,2.77,26245
25,2020,26,5,18823,Sant Gervasi - Galvany,Sarrià-Sant Gervasi,,2.55,47915
26,2020,27,5,12415,el Putxet i el Farró,Sarrià-Sant Gervasi,,2.45,30428
20,2020,21,4,4204,Pedralbes,Les Corts,,2.84,11936
27,2020,28,6,6604,Vallcarca i els Penitents,Gràcia,,2.45,16147
29,2020,30,6,5478,la Salut,Gràcia,,2.46,13478
30,2020,31,6,22875,la Vila de Gràcia,Gràcia,,2.23,50926
31,2020,32,6,15019,el Camp d'en Grassot i Gràcia Nova,Gràcia,,2.36,35483
32,2020,33,7,10889,el Baix Guinardó,Horta-Guinardó,,2.4,26180
33,2020,34,7,3899,Can Baró,Horta-Guinardó,,2.39,9331
34,2020,35,7,15572,el Guinardó,Horta-Guinardó,,2.41,37584
28,2020,29,6,3163,el Coll,Gràcia,,2.41,7617
35,2020,36,7,3775,la Font d'en Fargues,Horta-Guinardó,,2.53,9544
19,2020,20,4,9705,la Maternitat i Sant Ramon,Les Corts,,2.47,23968
17,2020,18,3,17219,Sants,Sants-Montjuïc,,2.54,43763
3,2020,4,1,10208,"Sant Pere, Santa Caterina i la Ribera",Ciutat Vella,,2.28,23241
4,2020,5,2,12839,el Fort Pienc,Eixample,,2.6,33369
5,2020,6,2,21968,la Sagrada Família,Eixample,,2.38,52245
6,2020,7,2,18516,la Dreta de l'Eixample,Eixample,,2.39,44325
7,2020,8,2,18183,l'Antiga Esquerra de l'Eixample,Eixample,,2.38,43228
8,2020,9,2,24719,la Nova Esquerra de l'Eixample,Eixample,,2.37,58621
18,2020,19,4,19152,les Corts,Les Corts,,2.44,46731
9,2020,10,2,16301,Sant Antoni,Eixample,,2.39,38906
11,2020,12,3,492,la Marina del Prat Vermell,Sants-Montjuïc,,2.49,1227
12,2020,13,3,12035,la Marina de Port,Sants-Montjuïc,,2.61,31352
13,2020,14,3,4269,la Font de la Guatlla,Sants-Montjuïc,,2.43,10377
14,2020,15,3,6696,Hostafrancs,Sants-Montjuïc,,2.42,16203
15,2020,16,3,7883,la Bordeta,Sants-Montjuïc,,2.48,19567
16,2020,17,3,10067,Sants - Badal,Sants-Montjuïc,,2.48,24938
10,2020,11,3,15961,el Poble Sec,Sants-Montjuïc,,2.52,40157
37,2020,38,7,4886,la Teixonera,Horta-Guinardó,,2.44,11927
38,2020,39,7,2993,Sant Genís dels Agudells,Horta-Guinardó,,2.52,7538
39,2020,40,7,2140,Montbau,Horta-Guinardó,,2.44,5225
59,2020,60,9,23984,Sant Andreu,Sant Andreu,,2.44,58508
60,2020,61,9,11878,la Sagrera,Sant Andreu,,2.49,29521
61,2020,62,9,5990,el Congrés i els Indians,Sant Andreu,,2.46,14726
62,2020,63,9,9088,Navas,Sant Andreu,,2.47,22457
63,2020,64,10,16520,el Camp de l'Arpa del Clot,Sant Martí,,2.38,39262
64,2020,65,10,10786,el Clot,Sant Martí,,2.51,27069
58,2020,59,9,4498,el Bon Pastor,Sant Andreu,,3.04,13652
65,2020,66,10,6449,el Parc i la Llacuna del Poblenou,Sant Martí,,2.47,15947
67,2020,68,10,13760,el Poblenou,Sant Martí,,2.5,34432
68,2020,69,10,5368,Diagonal Mar i el Front Marítim del Poblenou,Sant Martí,,2.52,13526
69,2020,70,10,8365,el Besòs i el Maresme,Sant Martí,,3.05,25501
70,2020,71,10,8419,Provençals del Poblenou,Sant Martí,,2.56,21523
71,2020,72,10,10629,Sant Martí de Provençals,Sant Martí,,2.46,26168
72,2020,73,10,11484,la Verneda i la Pau,Sant Martí,,2.51,28878
66,2020,67,10,3545,la Vila Olímpica del Poblenou,Sant Martí,,2.65,9385
57,2020,58,9,995,Baró de Viver,Sant Andreu,,2.64,2625
56,2020,57,9,3565,la Trinitat Vella,Sant Andreu,,2.94,10487
55,2020,56,8,488,Vallbona,Nou Barris,,2.91,1421
40,2020,41,7,2372,la Vall d'Hebron,Horta-Guinardó,,2.48,5886
41,2020,42,7,284,la Clota,Horta-Guinardó,,2.5,709
42,2020,43,7,10720,Horta,Horta-Guinardó,,2.65,28363
43,2020,44,8,10554,Vilapicina i la Torre Llobeta,Nou Barris,,2.47,26083
44,2020,45,8,10293,Porta,Nou Barris,,2.7,27813
45,2020,46,8,6355,el Turó de la Peira,Nou Barris,,2.56,16269
46,2020,47,8,930,Can Peguera,Nou Barris,,2.4,2234
47,2020,48,8,6233,la Guineueta,Nou Barris,,2.47,15420
48,2020,49,8,2805,Canyelles,Nou Barris,,2.45,6869
49,2020,50,8,6026,les Roquetes,Nou Barris,,2.72,16417
50,2020,51,8,5141,Verdun,Nou Barris,,2.49,12798
51,2020,52,8,10830,la Prosperitat,Nou Barris,,2.49,27003
52,2020,53,8,2941,la Trinitat Nova,Nou Barris,,2.61,7669
53,2020,54,8,972,Torre Baró,Nou Barris,,3.01,2925
54,2020,55,8,3744,Ciutat Meridiana,Nou Barris,,2.96,11091
2,2020,3,1,6994,la Barceloneta,Ciutat Vella,,2.16,15112
0,2020,1,1,17384,el Raval,Ciutat Vella,,2.78,48263
70,2021,71,10,8315,Provençals del Poblenou,Sant Martí,,2.55,21185
0,2021,1,1,17298,el Raval,Ciutat Vella,,2.81,48688
51,2021,52,8,10736,la Prosperitat,Nou Barris,,2.5,26868
50,2021,51,8,5143,Verdun,Nou Barris,,2.5,12865
49,2021,50,8,6029,les Roquetes,Nou Barris,,2.75,16563
48,2021,49,8,2797,Canyelles,Nou Barris,,2.44,6813
47,2021,48,8,6156,la Guineueta,Nou Barris,,2.48,15267
46,2021,47,8,929,Can Peguera,Nou Barris,,2.38,2215
52,2021,53,8,2934,la Trinitat Nova,Nou Barris,,2.6,7628
45,2021,46,8,6282,el Turó de la Peira,Nou Barris,,2.58,16186
43,2021,44,8,10503,Vilapicina i la Torre Llobeta,Nou Barris,,2.46,25875
42,2021,43,7,10625,Horta,Horta-Guinardó,,2.64,28055
41,2021,42,7,281,la Clota,Horta-Guinardó,,2.48,698
40,2021,41,7,2380,la Vall d'Hebron,Horta-Guinardó,,2.49,5932
39,2021,40,7,2088,Montbau,Horta-Guinardó,,2.45,5114
38,2021,39,7,2913,Sant Genís dels Agudells,Horta-Guinardó,,2.54,7385
44,2021,45,8,10190,Porta,Nou Barris,,2.73,27796
37,2021,38,7,4895,la Teixonera,Horta-Guinardó,,2.46,12044
53,2021,54,8,986,Torre Baró,Nou Barris,,2.96,2923
55,2021,56,8,484,Vallbona,Nou Barris,,2.89,1401
69,2021,70,10,8432,el Besòs i el Maresme,Sant Martí,,3.1,26116
68,2021,69,10,5356,Diagonal Mar i el Front Marítim del Poblenou,Sant Martí,,2.53,13536
67,2021,68,10,13730,el Poblenou,Sant Martí,,2.51,34411
66,2021,67,10,3529,la Vila Olímpica del Poblenou,Sant Martí,,2.66,9395
65,2021,66,10,6442,el Parc i la Llacuna del Poblenou,Sant Martí,,2.47,15914
64,2021,65,10,10723,el Clot,Sant Martí,,2.5,26759
54,2021,55,8,3728,Ciutat Meridiana,Nou Barris,,2.99,11152
63,2021,64,10,16341,el Camp de l'Arpa del Clot,Sant Martí,,2.38,38838
61,2021,62,9,5910,el Congrés i els Indians,Sant Andreu,,2.46,14549
60,2021,61,9,11906,la Sagrera,Sant Andreu,,2.48,29568
59,2021,60,9,23846,Sant Andreu,Sant Andreu,,2.44,58225
58,2021,59,9,4466,el Bon Pastor,Sant Andreu,,3.07,13730
57,2021,58,9,997,Baró de Viver,Sant Andreu,,2.66,2653
56,2021,57,9,3546,la Trinitat Vella,Sant Andreu,,2.96,10513
62,2021,63,9,9007,Navas,Sant Andreu,,2.48,22299
36,2021,37,7,12930,el Carmel,Horta-Guinardó,,2.53,32724
35,2021,36,7,3754,la Font d'en Fargues,Horta-Guinardó,,2.53,9505
34,2021,35,7,15456,el Guinardó,Horta-Guinardó,,2.41,37325
14,2021,15,3,6681,Hostafrancs,Sants-Montjuïc,,2.41,16102
13,2021,14,3,4231,la Font de la Guatlla,Sants-Montjuïc,,2.42,10239
12,2021,13,3,11957,la Marina de Port,Sants-Montjuïc,,2.6,31092
11,2021,12,3,543,la Marina del Prat Vermell,Sants-Montjuïc,,2.5,1356
10,2021,11,3,15899,el Poble Sec,Sants-Montjuïc,,2.53,40204
9,2021,10,2,16190,Sant Antoni,Eixample,,2.39,38700
15,2021,16,3,7838,la Bordeta,Sants-Montjuïc,,2.48,19451
8,2021,9,2,24493,la Nova Esquerra de l'Eixample,Eixample,,2.36,57906
6,2021,7,2,18426,la Dreta de l'Eixample,Eixample,,2.39,44088
5,2021,6,2,21844,la Sagrada Família,Eixample,,2.39,52164
4,2021,5,2,12782,el Fort Pienc,Eixample,,2.62,33445
3,2021,4,1,10071,"Sant Pere, Santa Caterina i la Ribera",Ciutat Vella,,2.28,23009
2,2021,3,1,6927,la Barceloneta,Ciutat Vella,,2.18,15125
1,2021,2,1,6571,el Barri Gòtic,Ciutat Vella,,3.48,22850
7,2021,8,2,18044,l'Antiga Esquerra de l'Eixample,Eixample,,2.39,43046
16,2021,17,3,10057,Sants - Badal,Sants-Montjuïc,,2.48,24903
17,2021,18,3,17074,Sants,Sants-Montjuïc,,2.56,43679
18,2021,19,4,18931,les Corts,Les Corts,,2.43,45943
33,2021,34,7,3894,Can Baró,Horta-Guinardó,,2.39,9320
32,2021,33,7,10740,el Baix Guinardó,Horta-Guinardó,,2.41,25842
31,2021,32,6,14849,el Camp d'en Grassot i Gràcia Nova,Gràcia,,2.38,35352
30,2021,31,6,22587,la Vila de Gràcia,Gràcia,,2.23,50456
29,2021,30,6,5444,la Salut,Gràcia,,2.47,13455
28,2021,29,6,3165,el Coll,Gràcia,,2.43,7688
27,2021,28,6,6656,Vallcarca i els Penitents,Gràcia,,2.45,16325
26,2021,27,5,12264,el Putxet i el Farró,Sarrià-Sant Gervasi,,2.45,29986
25,2021,26,5,18626,Sant Gervasi - Galvany,Sarrià-Sant Gervasi,,2.54,47346
24,2021,25,5,9428,Sant Gervasi - la Bonanova,Sarrià-Sant Gervasi,,2.76,25984
23,2021,24,5,5544,les Tres Torres,Sarrià-Sant Gervasi,,2.95,16356
22,2021,23,5,8729,Sarrià,Sarrià-Sant Gervasi,,2.84,24769
21,2021,22,5,1627,"Vallvidrera, el Tibidabo i les Planes",Sarrià-Sant Gervasi,,2.93,4760
20,2021,21,4,4179,Pedralbes,Les Corts,,2.83,11808
19,2021,20,4,9670,la Maternitat i Sant Ramon,Les Corts,,2.46,23825
72,2021,73,10,11455,la Verneda i la Pau,Sant Martí,,2.51,28798
71,2021,72,10,10584,Sant Martí de Provençals,Sant Martí,,2.48,26229
